{
	"__comment": "Designed by GoldBigDragon with Cubik Studio - https://cubik.studio",
	"textures": {
		"texture": "light_sword"
	},
	"elements": [ 	 
		{
			"__comment": "Box1",
			"from": [ 7, -5.5, 7 ],
			"to": [ 9, 0, 9 ],
			"faces": {
				"down": { "uv": [ 0, 2, 2, 4 ], "texture": "#texture" },
				"up": { "uv": [ 0, 0, 2, 2 ], "texture": "#texture" },
				"north": { "uv": [ 0, 0, 4, 12 ], "texture": "#texture" },
				"south": { "uv": [ 0, 0, 4, 12 ], "texture": "#texture" },
				"west": { "uv": [ 0, 0, 4, 12 ], "texture": "#texture" },
				"east": { "uv": [ 0, 0, 4, 12 ], "texture": "#texture" }
			}
		},
		{
			"__comment": "Box2",
			"from": [ 7, 0, 7 ],
			"to": [ 9, 16, 9 ],
			"faces": {
				"down": { "uv": [ 4, 0, 6, 2 ], "texture": "#texture" },
				"up": { "uv": [ 4, 0, 6, 2 ], "texture": "#texture" },
				"north": { "uv": [ 4, 0, 16, 16 ], "texture": "#texture" },
				"south": { "uv": [ 4, 0, 16, 16 ], "texture": "#texture" },
				"west": { "uv": [ 4, 0, 16, 16 ], "texture": "#texture" },
				"east": { "uv": [ 4, 0, 16, 16 ], "texture": "#texture" }
			}
		}
	]
}