{
	"credit": "Made with Blockbench",
	"textures": {
		"texture": "sunglass"
	},
	"elements": [
		{
			"from": [9.75, 0, 0.1],
			"to": [14, 0.75, 0.475],
			"rotation": {"angle": 0, "axis": "y", "origin": [-1, 0, -0.025]},
			"faces": {
				"north": {"uv": [1.5, 7, 3.625, 7.375], "texture": "#texture"},
				"east": {"uv": [3.5, 9, 3.75, 9.375], "texture": "#texture"},
				"south": {"uv": [7, 2, 9.125, 2.375], "texture": "#texture"},
				"west": {"uv": [4.5, 9, 4.75, 9.375], "texture": "#texture"},
				"up": {"uv": [9.625, 1.75, 7.5, 1.5], "texture": "#texture"},
				"down": {"uv": [8.625, 7.5, 6.5, 7.75], "texture": "#texture"}
			}
		},
		{
			"from": [9.25, 0.75, 0.1],
			"to": [14.5, 1.5, 0.475],
			"rotation": {"angle": 0, "axis": "y", "origin": [-1, 0, -0.025]},
			"faces": {
				"north": {"uv": [2, 5.5, 4.625, 5.875], "texture": "#texture"},
				"east": {"uv": [5, 9, 5.25, 9.375], "texture": "#texture"},
				"south": {"uv": [5, 5.5, 7.625, 5.875], "texture": "#texture"},
				"west": {"uv": [5.5, 9, 5.75, 9.375], "texture": "#texture"},
				"up": {"uv": [10.125, 0.25, 7.5, 0], "texture": "#texture"},
				"down": {"uv": [10.125, 0.5, 7.5, 0.75], "texture": "#texture"}
			}
		},
		{
			"from": [8.75, 1.5, 0.1],
			"to": [15, 2.25, 0.475],
			"rotation": {"angle": 0, "axis": "y", "origin": [0, 0, -0.025]},
			"faces": {
				"north": {"uv": [0, 4, 3.125, 4.375], "texture": "#texture"},
				"east": {"uv": [6.5, 9, 6.75, 9.375], "texture": "#texture"},
				"south": {"uv": [3.5, 4, 6.625, 4.375], "texture": "#texture"},
				"west": {"uv": [7, 9, 7.25, 9.375], "texture": "#texture"},
				"up": {"uv": [10.125, 3.75, 7, 3.5], "texture": "#texture"},
				"down": {"uv": [10.125, 4, 7, 4.25], "texture": "#texture"}
			}
		},
		{
			"from": [8.75, 2.25, 0.1],
			"to": [15.5, 2.875, 0.475],
			"rotation": {"angle": 0, "axis": "y", "origin": [0, 0, -0.025]},
			"faces": {
				"north": {"uv": [3.5, 2, 6.875, 2.375], "texture": "#texture"},
				"east": {"uv": [7.5, 9, 7.75, 9.375], "texture": "#texture"},
				"south": {"uv": [3.5, 2.5, 6.875, 2.875], "texture": "#texture"},
				"west": {"uv": [9, 7.5, 9.25, 7.875], "texture": "#texture"},
				"up": {"uv": [9.375, 5.25, 6, 5], "texture": "#texture"},
				"down": {"uv": [4.875, 6.5, 1.5, 6.75], "texture": "#texture"}
			}
		},
		{
			"from": [2, 0, 0.1],
			"to": [6.25, 0.75, 0.475],
			"rotation": {"angle": 0, "axis": "y", "origin": [11.0625, 1.48438, 0.30625]},
			"faces": {
				"north": {"uv": [7, 2.5, 9.125, 2.875], "texture": "#texture"},
				"east": {"uv": [2, 9.5, 2.25, 9.875], "texture": "#texture"},
				"south": {"uv": [7, 3, 9.125, 3.375], "texture": "#texture"},
				"west": {"uv": [9.5, 2, 9.75, 2.375], "texture": "#texture"},
				"up": {"uv": [3.625, 8.25, 1.5, 8], "texture": "#texture"},
				"down": {"uv": [10.125, 5.5, 8, 5.75], "texture": "#texture"}
			}
		},
		{
			"from": [1.5, 0.75, 0.1],
			"to": [6.75, 1.5, 0.475],
			"rotation": {"angle": 0, "axis": "y", "origin": [11.0625, 1.48438, 0.30625]},
			"faces": {
				"north": {"uv": [0, 6, 2.625, 6.375], "texture": "#texture"},
				"east": {"uv": [9, 9, 9.25, 9.375], "texture": "#texture"},
				"south": {"uv": [3, 6, 5.625, 6.375], "texture": "#texture"},
				"west": {"uv": [1.5, 9.5, 1.75, 9.875], "texture": "#texture"},
				"up": {"uv": [10.125, 1.25, 7.5, 1], "texture": "#texture"},
				"down": {"uv": [4.125, 7.5, 1.5, 7.75], "texture": "#texture"}
			}
		},
		{
			"from": [1, 1.5, 0.1],
			"to": [7.25, 2.25, 0.475],
			"rotation": {"angle": 0, "axis": "y", "origin": [12.0625, 1.48438, 0.28125]},
			"faces": {
				"north": {"uv": [0, 4.5, 3.125, 4.875], "texture": "#texture"},
				"east": {"uv": [8.5, 9, 8.75, 9.375], "texture": "#texture"},
				"south": {"uv": [3.5, 4.5, 6.625, 4.875], "texture": "#texture"},
				"west": {"uv": [9, 8.5, 9.25, 8.875], "texture": "#texture"},
				"up": {"uv": [10.125, 4.75, 7, 4.5], "texture": "#texture"},
				"down": {"uv": [9.625, 7, 6.5, 7.25], "texture": "#texture"}
			}
		},
		{
			"from": [0.5, 2.25, 0.1],
			"to": [7.25, 2.875, 0.475],
			"rotation": {"angle": 0, "axis": "y", "origin": [12.0625, 1.48438, 0.28125]},
			"faces": {
				"north": {"uv": [3.5, 3, 6.875, 3.375], "texture": "#texture"},
				"east": {"uv": [8, 9, 8.25, 9.375], "texture": "#texture"},
				"south": {"uv": [3.5, 3.5, 6.875, 3.875], "texture": "#texture"},
				"west": {"uv": [9, 8, 9.25, 8.375], "texture": "#texture"},
				"up": {"uv": [9.875, 6.25, 6.5, 6], "texture": "#texture"},
				"down": {"uv": [9.875, 6.5, 6.5, 6.75], "texture": "#texture"}
			}
		},
		{
			"from": [0.5, 2.875, 0.1],
			"to": [15.5, 3.75, 0.5],
			"faces": {
				"north": {"uv": [0, 0, 7.5, 0.5], "texture": "#texture"},
				"east": {"uv": [8, 8, 8.25, 8.5], "texture": "#texture"},
				"south": {"uv": [0, 0.5, 7.5, 1], "texture": "#texture"},
				"west": {"uv": [1.5, 8.5, 1.75, 9], "texture": "#texture"},
				"up": {"uv": [7.5, 1.25, 0, 1], "texture": "#texture"},
				"down": {"uv": [7.5, 1.5, 0, 1.75], "texture": "#texture"}
			}
		},
		{
			"from": [0.5, 2.75, 0.475],
			"to": [1, 3.75, 7.5],
			"rotation": {"angle": 0, "axis": "y", "origin": [0.5, 2.75, 0.5]},
			"faces": {
				"north": {"uv": [2, 8.5, 2.25, 9], "texture": "#texture"},
				"east": {"uv": [0, 2, 3.5, 2.5], "texture": "#texture"},
				"south": {"uv": [2.5, 8.5, 2.75, 9], "texture": "#texture"},
				"west": {"uv": [0, 2.5, 3.5, 3], "texture": "#texture"},
				"up": {"uv": [6.25, 9.5, 6, 6], "texture": "#texture"},
				"down": {"uv": [0.25, 6.5, 0, 10], "texture": "#texture"}
			}
		},
		{
			"from": [0.525, 3.675, 6.25],
			"to": [0.975, 4.675, 10.25],
			"rotation": {"angle": 22.5, "axis": "x", "origin": [0.75, 3.25, 4]},
			"faces": {
				"north": {"uv": [5, 8.5, 5.25, 9], "texture": "#texture"},
				"east": {"uv": [0, 5, 2, 5.5], "texture": "#texture"},
				"south": {"uv": [5.5, 8.5, 5.75, 9], "texture": "#texture"},
				"west": {"uv": [2, 5, 4, 5.5], "texture": "#texture"},
				"up": {"uv": [5.25, 8.5, 5, 6.5], "texture": "#texture"},
				"down": {"uv": [5.75, 6.5, 5.5, 8.5], "texture": "#texture"}
			}
		},
		{
			"from": [15.025, 3.675, 6.25],
			"to": [15.475, 4.675, 10.25],
			"rotation": {"angle": 22.5, "axis": "x", "origin": [0.75, 3.25, 4]},
			"faces": {
				"north": {"uv": [6.5, 8.5, 6.75, 9], "texture": "#texture"},
				"east": {"uv": [4, 5, 6, 5.5], "texture": "#texture"},
				"south": {"uv": [7, 8.5, 7.25, 9], "texture": "#texture"},
				"west": {"uv": [0, 5.5, 2, 6], "texture": "#texture"},
				"up": {"uv": [4.75, 9, 4.5, 7], "texture": "#texture"},
				"down": {"uv": [4.25, 8, 4, 10], "texture": "#texture"}
			}
		},
		{
			"from": [15, 2.75, 0.475],
			"to": [15.5, 3.75, 7.5],
			"rotation": {"angle": 0, "axis": "y", "origin": [15, 2.75, 0.5]},
			"faces": {
				"north": {"uv": [3, 8.5, 3.25, 9], "texture": "#texture"},
				"east": {"uv": [0, 3, 3.5, 3.5], "texture": "#texture"},
				"south": {"uv": [3.5, 8.5, 3.75, 9], "texture": "#texture"},
				"west": {"uv": [0, 3.5, 3.5, 4], "texture": "#texture"},
				"up": {"uv": [0.75, 10, 0.5, 6.5], "texture": "#texture"},
				"down": {"uv": [1.25, 6.5, 1, 10], "texture": "#texture"}
			}
		},
		{
			"from": [0.55, 2.5, 7.05],
			"to": [0.95, 3.5, 8.075],
			"rotation": {"angle": 0, "axis": "y", "origin": [0.5, 2.75, 0.5]},
			"faces": {
				"north": {"uv": [1.5, 9, 1.75, 9.5], "texture": "#texture"},
				"east": {"uv": [7, 8, 7.5, 8.5], "texture": "#texture"},
				"south": {"uv": [2, 9, 2.25, 9.5], "texture": "#texture"},
				"west": {"uv": [7.5, 8, 8, 8.5], "texture": "#texture"},
				"up": {"uv": [2.75, 9.5, 2.5, 9], "texture": "#texture"},
				"down": {"uv": [3.25, 9, 3, 9.5], "texture": "#texture"}
			}
		},
		{
			"from": [15.05, 2.5, 7.05],
			"to": [15.45, 3.5, 8.075],
			"rotation": {"angle": 0, "axis": "y", "origin": [15, 2.75, 0.5]},
			"faces": {
				"north": {"uv": [7.5, 8.5, 7.75, 9], "texture": "#texture"},
				"east": {"uv": [4, 7, 4.5, 7.5], "texture": "#texture"},
				"south": {"uv": [8, 8.5, 8.25, 9], "texture": "#texture"},
				"west": {"uv": [6.5, 8, 7, 8.5], "texture": "#texture"},
				"up": {"uv": [8.75, 8.5, 8.5, 8], "texture": "#texture"},
				"down": {"uv": [8.75, 8.5, 8.5, 9], "texture": "#texture"}
			}
		}
	],
	"display": {
		"thirdperson_righthand": {
			"translation": [0, 2.25, 2.5],
			"scale": [0.33, 0.33, 0.33]
		},
		"thirdperson_lefthand": {
			"translation": [0, 2.25, 2.5],
			"scale": [0.33, 0.33, 0.33]
		},
		"firstperson_righthand": {
			"translation": [8.5, 0, 0]
		},
		"firstperson_lefthand": {
			"translation": [8.5, 0, 0]
		},
		"ground": {
			"translation": [0, 4, 0]
		},
		"gui": {
			"rotation": [0, -180, 0],
			"translation": [0, 6.25, -80]
		},
		"head": {
			"translation": [0, 5.75, 0.75]
		},
		"fixed": {
			"translation": [0, 6.25, 7.25]
		}
	}
}