{
	"credit": "Made with Blockbench",
	"texture_size": [64, 64],
	"textures": {
		"texture": "wheat"
	},
	"elements": [
		{
			"from": [-1, 0.9, -1],
			"to": [17, 1.75, 17],
			"faces": {
				"north": {"uv": [7.5, 2, 12, 2.4375], "texture": "#texture"},
				"east": {"uv": [7.5, 2.5, 12, 2.9375], "texture": "#texture"},
				"south": {"uv": [7.5, 3, 12, 3.4375], "texture": "#texture"},
				"west": {"uv": [7.5, 3.5, 12, 3.9375], "texture": "#texture"},
				"up": {"uv": [4.5, 4.5, 0, 0], "texture": "#texture"},
				"down": {"uv": [4.5, 4.5, 0, 9], "texture": "#texture"}
			}
		},
		{
			"from": [2, 1.75, 2],
			"to": [14, 4.75, 14],
			"faces": {
				"north": {"uv": [4.5, 6, 7.5, 6.9375], "texture": "#texture"},
				"east": {"uv": [4.5, 7, 7.5, 7.9375], "texture": "#texture"},
				"south": {"uv": [7.5, 0, 10.5, 0.9375], "texture": "#texture"},
				"west": {"uv": [7.5, 1, 10.5, 1.9375], "texture": "#texture"},
				"up": {"uv": [7.5, 3, 4.5, 0], "texture": "#texture"},
				"down": {"uv": [7.5, 3, 4.5, 6], "texture": "#texture"}
			}
		}
	],
	"display": {
		"thirdperson_righthand": {
			"rotation": [0, 46, 0],
			"translation": [0, 1.75, 0.5],
			"scale": [0.27, 0.27, 0.27]
		},
		"thirdperson_lefthand": {
			"rotation": [0, -46, 0],
			"translation": [0, 1.75, 0],
			"scale": [0.27, 0.27, 0.27]
		},
		"firstperson_righthand": {
			"translation": [2.5, 5.25, 1.5],
			"scale": [0.48, 0.48, 0.48]
		},
		"firstperson_lefthand": {
			"translation": [0.25, 5.25, 1.5],
			"scale": [0.48, 0.48, 0.48]
		},
		"ground": {
			"translation": [0, -0.5, 0],
			"scale": [0.48, 0.48, 0.48]
		},
		"gui": {
			"translation": [0, 5.75, 0]
		},
		"head": {
			"rotation": [0, -180, 0],
			"translation": [0, 13, 0]
		},
		"fixed": {
			"translation": [0, 5.75, 0]
		}
	}
}